Coffee_Type,Caffeine_Content,Acidity_Level,Aroma_Intensity,PH_Level,Magnesium,Chlorogenic_Acids,Caffeine_Percentage,Non_Caffeine_Compounds,Antioxidants,Flavor_Intensity,Aroma_Persistence,Bitterness_Index,Trigonelline_Content
1,1.749080237694725,5.905094983105101,1.1060452421664873,5.2689874151805105,73,2.796337387181887,1.3128514210675373,0.3165066314704441,1.8434418537469108,1.4875443733477902,0.9598004237693202,2.2044829475838648,882
1,2.9014286128198323,4.70628141621899,3.343102325093853,5.444765729882428,87,3.0747912058758455,1.8094187538146125,0.4851968015435979,1.5536555944701032,1.7245973981387213,0.5581637955054758,3.4002129060974786,567
1,2.46398788362281,5.011599526575388,4.76092096569983,5.349647390677411,84,3.839711232825521,1.5983373296143417,0.23674886641547443,2.1847006571867245,3.7244714158599312,1.4948663171697671,1.6121069038866964,1377
1,2.197316968394073,4.670210281860884,3.301896711503516,4.7473481017431975,143,2.6926919887319225,1.7098417217921746,0.3530487572535793,2.8247266912333817,1.7257533907825078,0.5577805609963666,2.6652548479068585,1383
1,1.312037280884873,5.887040427417844,2.5526797048260876,4.950544135310094,144,2.6939064037924556,1.488175050066076,0.47281124220400705,1.4213243780113332,3.1006535346682407,1.1950352288585533,3.1992138880890244,713
1,1.3119890406724053,5.816009030071472,3.5731528737694127,4.629159415151495,98,3.4750024962194965,1.5384148467767786,0.1410038911962717,2.2459331671269656,3.8361850468897307,1.4836789252634137,2.847956350780537,1154
1,1.116167224336399,4.886912441572734,2.8330115619660665,5.454051027258722,118,2.904435881779614,1.7737934773479789,0.47489139489458043,2.263120440185041,1.4275076923789753,0.7391801042159256,1.5640742038462485,875
1,2.73235229154987,5.489976069051268,3.1824671572637397,5.1061746344508805,111,2.449209645879964,0.8745020132887789,0.3751542889203253,2.466226044830562,3.269248878515614,0.6422493686871962,2.0661537060572184,1243
1,2.2022300234864174,5.725833300301824,4.765859235106101,4.728642805503463,109,2.904879032265387,1.2341374454647107,0.12713482364206877,1.2631353702545196,2.026251134805455,0.6213849394224289,3.3513753534561914,712
1,2.416145155592091,5.332801217399194,2.544410551203097,5.171700684405857,99,2.2817140407595997,0.8318141627294033,0.22038542677872652,2.431649929364177,4.851707500950319,0.8032751475675955,2.6626795423960496,578
1,1.041168988591605,5.294475867534009,4.844762255295657,5.118128240457896,127,2.3527739730124466,1.9815020119949704,0.38326883545811263,2.818065041331282,2.934182586879699,0.6010458110106467,1.015688840628738,1225
1,2.9398197043239884,4.862778436350678,4.621402567824255,4.85816271803284,124,2.9967355454789595,1.91608900952992,0.1269402405875087,1.359366217740484,4.223970199100632,1.192161341694132,3.2829722800842815,1127
1,2.6648852816008435,4.639654151708849,1.7831645391571858,4.613557592199629,58,2.837850899009096,0.5591402170527588,0.33286818407050933,1.4750866498477553,3.200906168625047,0.5622917981300627,1.1059340648207172,1103
1,1.4246782213565523,5.84582363692999,1.2774452035006618,5.171573195592799,83,3.8296918021362,1.5583627587735327,0.2383532227811827,2.942790188083279,1.1736501314192767,1.0094221281497897,3.2372013481936963,1281
1,1.3636499344142012,5.850627085744996,1.4031120055097066,5.0203077009037935,125,2.7247877982332662,1.8878724761234986,0.34836620710699084,1.3619539054189795,3.5326055023760894,1.4966968538529768,1.6074416804957123,1422
1,1.3668090197068676,5.449652185909902,1.072887302606199,5.27231839173564,148,3.161176700556087,0.7708630176910003,0.11829681352500515,2.7087701867391583,4.805613368826628,1.3139702695060187,3.8742204403581404,880
1,1.6084844859190754,5.008544686573051,1.3777718430237136,5.020163501111993,84,3.2645285758390608,1.3519178458289443,0.4486147224609506,1.9845557128960696,3.4064472805853248,1.1152194382310108,2.1038222539062534,1179
1,2.049512863264476,5.0238143619189914,3.7320270936654274,5.35218150031854,50,2.026188913176667,1.8732324463820627,0.4893955876709588,1.494462148806354,4.276755437707161,0.8062536207866117,1.9807948490142373,557
1,1.8638900372842315,5.588933518305359,1.284754593840916,5.051906838774485,89,3.327074744033421,0.5509189678786983,0.48755114211427664,2.7414998025450226,4.536825853393632,1.1238958362916385,1.446664150997334,1295
1,1.5824582803960838,5.8456653899288655,2.275902521175045,5.060937971535386,113,2.3560719337395026,1.5461304008702599,0.39986073269716993,1.890610510005331,1.91231908779573,1.0270414639116516,1.9168126464706448,525
1,2.223705789444759,5.830629636397676,4.379501243877819,5.376653602658345,71,3.92214063493891,0.9460235110588262,0.1520344960522528,2.0296347078593806,1.8481793596329066,0.9260833838903715,3.6299522854846016,1380
1,1.2789877213040837,5.669813318786436,1.0930877429433035,4.903482866212397,109,2.297325455506226,1.8865942930647956,0.403305278371609,1.7184667387995314,3.443923955403967,0.6307103767401995,3.989003012881742,946
1,1.5842892970704363,5.463047469231432,4.257873930355743,4.63401522845064,113,2.8292482474540472,1.9565873677480516,0.10983476658352061,2.185901702869855,2.644113879226819,1.3866042152404667,2.104928591520545,565
1,1.7327236865873834,4.6262099474925735,2.1274190990935997,4.528782676313339,142,2.1706993361572877,1.9163997336701508,0.10884942061159891,1.3270477451700455,4.359445211466881,0.9497846488213225,2.345831892863628,1420
1,1.9121399684340719,4.7424430711419205,1.472659310486625,5.255137255673619,121,3.9937485036918945,1.2113213249861956,0.2294440876598165,1.7821630733035214,4.600092493592045,0.6946225118207651,3.166212814608211,1259
1,2.570351922786027,5.847831282790619,3.7869486614566026,5.120309551353465,60,3.004390020662485,1.7930639764839702,0.29545727616186634,2.938824644670575,2.4136855172108724,0.8677593508772896,3.6585873413952235,753
1,1.3993475643167195,5.409643589489384,3.515771387119536,5.2040797680992235,63,3.190770034640088,1.7668240978026055,0.4081629671231173,1.516266865402255,1.9474822358979282,0.914129752528927,2.7791330025603527,1398
1,2.0284688768272234,4.513795577424944,4.509888054108211,4.712964161508911,109,2.134152954776855,0.9786507098648835,0.3733181506426021,2.3134733290825844,4.122102060975447,1.3275378955668744,2.174577094533488,1467
1,2.184829137724085,4.652207314299048,3.940284175215543,4.6363714755867695,79,3.4999209407983556,1.743373211226016,0.27836108255069936,1.6503801284493897,2.0992241421925444,1.2336143805614022,2.2378655225458712,543
1,1.0929008254399954,5.495252653662083,4.213923721539395,4.514544665667882,84,2.4198111861911715,0.5555114520732389,0.20945066651266636,2.5469462513732015,4.290457274054713,1.2693048936413398,3.0868544394904207,596
1,2.2150897038028767,4.507592375769328,2.128138290285226,4.8505875588065965,134,3.7961085788814275,1.3944048177230797,0.49884980006308444,1.2617473214366997,2.6949530145950513,0.5110312644286472,1.009654790812836,1053
1,1.341048247374583,4.741212077126248,1.7097581751188913,5.089917686854633,86,2.4102792809640143,0.8450132559315546,0.2704725208943892,2.9396420901570894,3.670199597165882,0.9161539981797615,2.858768012379522,726
1,1.130103185970559,5.323100684049879,4.002459006563433,4.892244045099733,54,2.381375441327333,0.6808503286659182,0.2805548097318702,1.9075790827672785,1.3821412553386727,0.9813441516353236,2.0664790313240724,1273
1,2.8977710745066663,5.53784279653904,4.2273389570690565,4.937474922023729,132,2.07309933569619,0.6154298024438137,0.16544952847666766,1.472100926692928,3.495437298706292,0.5191922768230567,3.3825919938312525,1178
1,2.9312640661491187,5.477941889253901,4.962020568002693,5.4041586944937485,127,2.9441338902199985,1.5444331638172097,0.4179238194999718,1.1469934946600253,2.8070707149489165,0.7598132087450342,1.2789719194693965,935
1,2.6167946962329225,4.83640396419084,2.650470707645706,4.8482554670233,75,3.129682266525233,1.0098124456520992,0.37747289031259545,1.3395158101750815,3.3464338527018964,1.2602898231221351,2.7646068008451716,1290
1,1.6092275383467414,5.568268832021304,2.4880723431711327,5.013989489159811,111,2.1314172788567047,1.5871501572931421,0.18830784511550416,2.039547897112035,1.6720568309794537,0.637109705728999,2.442918669658371,1100
1,1.1953442280127677,4.8558736312452,4.105651842967987,5.283653012741143,53,3.551055233390021,0.5980345111984136,0.13295241824633708,1.6740063528625726,3.9474949797767285,1.0353101314525917,2.926976577715682,878
1,2.3684660530243136,4.988099547238901,2.3632141610120714,4.89654278232127,138,2.9065776694960554,0.9729355067459156,0.3721997208298853,2.6577667317652187,4.451188310172914,0.7152018720172375,1.194560783448905,677
1,1.8803049874792026,5.619737107677036,4.723029302414259,5.122086700227873,91,3.0487805386551603,1.3092369385630058,0.36180448571245416,1.8617750473236119,1.8669592003631026,0.5121207746438933,2.739951362284394,926
1,1.2440764696895577,5.474449348570822,4.433651007372047,5.362363708746745,138,2.881525493876456,1.6860847472584453,0.20930381079928373,1.4974285451752598,1.382858222080647,0.7412014575995415,2.684453763878571,1414
1,1.9903538202225404,5.773835115741267,2.7159761095000734,5.449520623657643,67,2.801526121750652,0.9781287543981049,0.4803454249001642,2.2342899732080603,1.0945543441853456,1.4758737549100538,2.681980283248513,1208
1,1.0687770422304368,5.486419338450515,4.0034842711659895,4.647073480929038,89,3.1192806626164358,1.4388370646555138,0.1604231567123601,2.4135544337708916,3.567886001773064,1.3015371118829897,2.8104629997893644,806
1,2.818640804157564,5.3524629050032075,4.018171496338729,5.426587625161495,121,2.310480491861425,1.8289666223542806,0.2729339204170408,1.3340838158018997,3.428376144355123,1.4595766443210334,3.029403811679087,1278
1,1.5175599632000338,4.640512151742139,1.4124954753437304,4.992116293079539,88,2.3638562609905422,1.423794782273457,0.47744636806703955,1.3352384325766353,3.18678965085628,0.9878540439263624,3.414966999042309,1003
1,2.325044568707964,5.05157370458915,4.610211626718266,4.758244388298959,63,3.7235712420270346,0.8494392121304506,0.2678909267704489,1.073342853867086,1.9277883844639017,0.6097361986775035,1.809462160384643,767
1,1.623422152178822,4.897803551522588,3.0210094897914286,4.959135756238261,81,3.8922309242672655,0.536601172334807,0.3554103790656342,2.472804030131281,2.5636239836220587,1.047959488973693,3.475148230540186,1085
1,2.0401360423556216,4.8659844650686255,4.305829864430967,5.4800325752854775,100,2.746618632559506,1.8051483108513948,0.25903775918511773,2.3276090552436104,3.377905340744692,0.9543773345599609,2.494767046790361,507
1,2.0934205586865593,5.959515832128668,2.280198404122447,4.99261809399287,87,2.5414893462871078,0.5319041162755807,0.20968608093946803,1.9492617514996278,2.9870674354366775,1.344357082739616,1.2311748374029934,1419
1,1.369708911051054,5.089646587000141,4.582092913984802,4.828751610287508,146,3.2879990864780315,1.812052509026299,0.4935910591839313,2.688340897938394,4.951142080859549,0.5980825807842446,1.1756527877319376,1007
1,2.939169255529117,5.83806983276567,2.5568067149366525,5.133400854316726,72,2.817468342196193,1.293405701040818,0.2637336025260172,2.6113403059001064,1.5457590102269325,0.9882411370217782,2.0027149560881825,975
1,2.550265646722229,5.446707938995894,1.0433506059211934,4.740145618778193,112,2.0507727113206897,1.9086015477693443,0.4576396814716538,2.170708728793504,3.780578216190375,0.6500486646939843,3.3546909313344027,796
1,2.8789978831283785,5.692216955312473,4.621527905677055,4.575863328108664,64,2.3123051947323807,1.6981748536604981,0.19198184235643448,2.7365425610265173,2.6172750724171685,0.82467592689006,3.1230428042227474,663
1,2.789654700855298,5.2539556396577884,1.3651467071445342,4.628879721910649,146,3.431944457694795,1.9969011658000062,0.18524188161003333,1.4116824200735365,2.712798459702459,1.2373570773877995,3.3658448940172194,984
1,2.19579995762217,5.365355826939538,2.2772545503616595,4.628045838957773,74,3.3178478838203027,1.0260677231775652,0.11245363315380455,1.2238392387954558,3.870391062632705,0.9760181293687665,2.551807169324828,1096
1,2.8437484700462337,5.238776540728296,4.80024786820322,4.6519026935122945,66,2.054191985006967,1.6507824333966903,0.360666730150354,1.5394992230339792,3.7697446052974786,0.8758882851457693,2.320596993866472,571
1,1.176985004103839,4.792864481697067,4.802428587750224,4.63882717264941,146,2.4439443238658987,1.1028963704138632,0.24741053748950448,1.1141737121786297,4.965023974808753,0.8944762785700353,1.442357580118852,1066
1,1.3919657248382904,5.583678172892258,3.2937515524931444,5.140874744803215,115,2.462149593176143,1.2198134304558632,0.4457432999358548,2.062339056002064,1.513577157816501,0.9594467684059866,1.9845782608279348,1404
1,1.0904545778210761,4.921158543661283,3.527348848679197,4.681880084399145,127,3.343785487197457,1.4412581948275551,0.2892839626766229,2.873211384589923,1.4164385975366653,1.2850165438370569,2.3020580985216257,1058
2,1.6506606615265287,4.53647394964718,2.793782087913279,4.845667283323863,102,2.039421075508728,1.810515671279508,0.48727737116588876,1.0786870813370193,3.8973552685149646,1.3920846889402343,1.2658012890388517,1410
2,1.777354579378964,5.4682084438607514,2.172843086792258,5.396788409906012,100,2.208217163969148,1.9761252037989427,0.17421020628124845,1.2442198280200536,3.3135476680256364,1.4553346865039283,1.6618358581336339,1443
2,1.5426980635477918,4.765666019110573,2.314658181479664,4.973961640262872,88,3.599832170746379,1.6524101207967772,0.4474492671822443,1.9043980565668706,2.0966426662392235,1.286903386255295,2.7946758821912163,737
2,2.6574750183038587,5.910687876529371,3.6900738243081537,5.167557738521027,100,2.3570893241086672,1.1266501732510006,0.41063874111669674,2.86775003505581,1.3176774759559464,0.8154068957480127,3.2069893427175695,603
2,1.7135066533871786,5.930892865503881,4.00949811775072,4.67231987120163,119,3.305492215703749,1.1320355034156053,0.40836873785762084,1.632312209953501,1.3426329983857221,1.1881347060865421,3.995042534178849,709
2,1.5618690193747615,5.872296585330673,4.166316174903394,4.692289018808671,55,2.476365562093453,1.6063734523833373,0.43791329124675504,2.014469617376785,4.576763498656473,0.9376031240553919,3.799339994030673,1053
2,2.085392166316497,5.055238050383167,4.158472571178216,4.540868616266479,116,2.1988827855186903,0.8581657186524535,0.40440959637719953,1.0831457181007842,1.7674692988749716,0.7546706220460512,2.927695598605575,1327
2,1.2818484499495253,4.523184924793301,1.3648244121947615,4.668935063072165,56,2.486344381998908,0.665711169697092,0.3504881286525662,1.2966864019241777,2.293486248462083,1.3408715794259227,2.263744159882216,967
2,2.6043939615080793,5.892477843881588,2.977681218810326,4.778590339031958,100,3.4445338637113183,1.0319332364611649,0.15249795107295505,2.973260245917694,1.906625608907952,0.538426348962325,2.9085320941246984,953
2,1.1491012873595416,5.142276222475972,1.2302350400665771,4.677010484276747,121,3.7113929362125715,0.9308584874811225,0.11301047179650077,2.9302373928720913,2.4199852233277492,1.4017619921354236,3.356954854240696,767
2,2.9737738732010346,5.949982228565505,3.198115529294942,4.588702533757056,91,3.660439729133983,0.9444621806839851,0.4683391391262748,1.0098799618688192,1.2776953709843735,0.9614774646247342,1.355008572770162,885
2,2.544489538593315,5.945429965633879,2.766122005493508,4.620635871100601,113,2.79436705923691,0.8504116265748649,0.3466601258082952,2.903623570846478,3.0762391636330815,1.1372014768082805,2.2297146690888647,1274
2,1.3974313630683448,5.77951418320104,4.5508167310331995,4.960778768032726,64,3.3361702731412923,0.5631397844545428,0.41861491639047055,2.2782398756310007,1.2704502543688596,1.1593539222057827,3.5194068569068517,1347
2,1.0110442342472048,4.941673338104379,2.4036600502083147,4.7063337184057925,78,2.409968590831642,0.5268109021001207,0.2926089406050201,2.7358365890400442,4.201426031289446,1.3951177407065365,2.151498855799132,886
2,2.6309228569096685,5.077646592902888,1.4682680657104235,4.864269861048076,82,2.5862954605220265,1.9815835846040473,0.1469232755849578,1.9094797112677182,1.934848327641732,1.1366696821672073,2.7156168136815597,1376
2,2.4137146876952342,5.776705007275286,1.5719667282113434,5.0034172708548565,143,3.7926716370422398,1.1416597006037934,0.1500743168810202,2.0311920571585005,3.1600476584180424,1.1139335847600618,2.7633080825865948,758
2,2.4580143360819746,4.9753830077344166,4.046042526869889,5.1903948286293655,76,2.026003847021472,1.0764899707395226,0.3742261148915885,1.9776931605138404,4.5203163502458334,0.56665204056069,1.553428759400918,782
2,2.5425406933718913,4.754239120029139,3.4728722532650442,4.539312139841099,85,2.171017061708936,1.5194709240396047,0.2721223579597851,2.3337285150922087,3.6035094761887767,1.018408021945204,2.0867063249568654,1125
2,1.1480893034681807,5.335201893687525,1.404490704491161,5.299410398909043,78,2.4157725102920544,0.8273808317975963,0.1802098906801347,1.2793025095126258,3.131831146205341,0.6501690008170417,2.0035338662257964,1374
2,1.7169314570885452,5.904232161241172,1.3364272244599897,5.127900389490907,87,2.053064407747639,1.924941775925338,0.2966378186965748,1.059947179745356,2.2973350124615024,1.2374337687214856,1.0785901255961945,539
2,1.2317381190502594,5.54404469501246,3.80387652583648,4.581759031948872,106,2.3628708701795946,1.679517521623328,0.12568357483005366,1.6158598831823818,2.3320076522327917,1.0122219208126744,1.0725752916740658,985
2,2.7262068517511873,5.355091755134048,1.291052025456774,5.373578624106777,146,3.1660831219393843,0.6341165034683893,0.3327885607657595,2.4093615254732934,3.6779478207927605,1.1802277792083533,3.4950911310273205,1428
2,2.246596253655116,4.645764740656153,4.287440237161425,5.420872400531813,76,2.8428491011849957,1.1263711636773925,0.2075973617740391,1.4037069042458967,4.97655744488467,0.5416729006023843,1.8192124299184371,719
2,1.6617960497052984,5.422510840048755,3.824968908625985,4.561077959854864,104,3.7853434221539497,1.818677461343247,0.41902364025487526,2.3468648666498346,3.6473567593975145,0.5847920160458032,2.554236298716446,628
2,1.1271167005720473,5.985080775156395,1.325395122567599,4.776877648147204,82,3.634887123476882,1.9170980334371155,0.22414478356942952,2.9398240922145407,3.2311336694800996,1.2163233880626823,1.8961767207663192,1019
2,1.6219646434313244,4.710126022854786,1.3393508563407677,5.306201279793061,117,2.683634703395752,1.2011022668748046,0.2820880596327205,1.1878014315788368,3.9226020409569844,0.5720843359986734,3.8220377353460213,1112
2,1.650366644053494,5.277494478545605,4.946558314004702,5.248259690383659,135,2.518846866862585,1.4201170838160615,0.10464821596324025,2.3452042364502526,2.8608224491348726,0.5712567277652586,1.7778902765973212,1427
2,2.459212356676128,5.816059607891933,2.4970831830244813,4.684521019356377,115,2.759384816334534,0.7505509191381128,0.12897875511782356,1.8875004386091423,1.2405693704031409,0.5121084752348875,2.288970438216805,1391
2,2.2751149427104265,5.6111529266313065,2.4825685882675637,4.70934932333671,59,3.1805898850296153,1.9867529392054648,0.25699742256267394,2.736284508755011,3.2491872635116392,1.45650139829948,3.6181907514538056,1187
2,2.774425485152653,5.545523611492902,4.25119826903001,4.870472102791382,54,2.5361272816457525,0.8475075520751651,0.2919755338868494,1.3542995788947718,4.830501138021521,1.237508359459007,3.525800700375426,1118
2,1.9444298503238986,5.553726125980663,4.788994309535434,4.984522985191021,123,3.248297815698268,1.9140976612026885,0.3400082192477215,2.3852519044523293,1.7012117694306386,0.8532514085020642,1.5583042535388318,1112
2,1.2391884918766034,5.039236726829633,4.944004255291484,5.118254771530296,146,2.818823304382481,1.4744699734885527,0.2166650314837213,2.67623057929622,3.760019563282663,0.7965355812876552,3.407929929387131,759
2,2.42648957444599,4.94038776639674,4.0135127410357665,4.868913639569772,87,3.1040943617039605,1.4116051923182886,0.3779927544506171,2.8892284389480465,1.803734754636226,0.8497032297458496,2.374560660213678,1489
2,2.521570097233795,5.714041733217771,2.505038342123663,4.962534716133148,62,2.8722530582706334,1.269032766524763,0.44404895887568185,2.3664960565792916,3.143310737892325,1.274653531181182,2.4489066162560658,1465
2,2.1225543951389927,5.715170092018771,1.334002866794675,5.247470938133756,80,2.588931519083835,0.8460047175766381,0.41194039555733997,1.9943495280168546,1.3867057985868785,1.1613706110704145,1.4004399172478315,865
2,2.541934359909122,5.800608477870155,4.108587663709747,4.536683202890598,96,3.8969066139243136,0.7647920480082624,0.11584753013934286,2.2356944804024277,2.8014837450327406,0.6851955678674679,1.241804541271374,1257
2,1.9875911927287815,5.869860828834707,3.23361699894322,4.752436944344021,149,3.5272115883195214,0.830729313605263,0.2922027789031316,2.7378099689574364,4.024653315580984,0.6741093353340843,3.1838179209212956,1286
2,2.0454656587639883,5.267013598291407,2.696888036987905,5.213349585884552,137,2.280226351532905,0.7796573932163817,0.14197207136726997,2.141219493277659,2.3902860969559283,0.5983956497133973,2.489383457065899,1043
2,1.8550820367170993,5.252274442030799,4.625417540378944,5.3952068376871996,101,3.7369359517958256,1.66937671035013,0.196818006345011,1.0607741193936737,3.659646897948872,1.1603027197013382,2.3105521078455387,1148
2,1.0508382534881904,5.697442768450163,1.4447899292246054,5.0116774421156665,105,2.9748623964990273,1.0251878887500951,0.4946650373068586,2.8618973910139553,4.181799843158917,1.264372662221736,3.1885246859571903,1023
2,1.215782853986609,5.4749458961666475,2.9705004171634366,5.032113485265316,64,3.789104453788183,0.5867640148450946,0.1569982171606053,2.3790535020631225,4.708711277917811,0.765046428325004,3.2965386969733292,1406
2,1.0628583713734685,5.552950315886555,1.0454145790696763,4.607172011339776,78,3.5997105118946306,1.953653945211217,0.29955526138054245,2.353026771554493,1.9385683274218142,0.5209449610309128,1.4767245030080607,1313
2,2.272820822527561,5.693689004154152,2.874642567976505,4.947412366823455,57,2.8504270089384667,1.8256788274451385,0.34726229372724765,1.4313503047954343,2.5972636632372326,0.5821716674764273,2.830675448432924,1386
2,1.6287119621526533,5.83500801272635,1.2252131027273494,5.0326172664550235,54,2.044938616640235,1.8916284247928195,0.3809859882176416,2.3177709404653144,1.6096640533216697,1.4678600348450304,1.4060622468330566,515
2,2.0171413823294055,5.006992735277303,1.4752716650722877,4.742470503634729,78,2.537354718769892,1.9923617339696529,0.3238594733947656,1.787728811308317,4.969934008633501,0.7954447774774203,3.254125258087137,628
2,2.8151329478521863,5.063374428959916,1.4701049871084195,4.769243230949381,96,3.083268429321734,0.760842873829231,0.10390833896767347,2.302465954082984,4.708003871697182,1.2692231478381335,2.9708654688014184,1074
2,1.4985844582977499,4.640972909761303,3.5968412084642543,4.877284163104623,117,3.2669564396522945,1.094363028353988,0.23058452329759677,1.2131860606159814,3.1598285211222383,1.1246635688542637,3.8698438632503738,608
2,1.8207658460712595,5.367420211494261,3.984179517061693,4.520071197777726,125,2.515775370866405,1.637357713556137,0.30708465735388457,2.3156906092060723,4.368133177505685,0.8819396396528959,1.2068740490692635,1386
2,2.5111022770860973,4.553913410695113,3.3334750603886385,4.822079165583178,94,2.2787121481456483,1.5440309270806885,0.13514659965793335,2.998827451541333,3.0838319090881687,0.7056872621955551,1.171164163453763,1032
2,1.457596330983245,5.19839702719869,4.848690193898168,4.7114480069965445,51,3.6698604735985985,0.7308438595097826,0.24025077248367233,1.096424077721112,3.494342752011039,0.6213864181594064,1.8465612240796005,1169
2,1.153959819657586,5.313966952061365,2.4994823180948162,4.8274973521779145,76,3.9688043614071042,1.7237496874859266,0.11328124351654663,2.9543483684426346,1.3564977284640665,1.1150129680388665,1.785117051207718,768
2,1.579502905827536,4.929811878192426,2.142848345127443,4.619762131819251,144,3.0513803646053717,0.836660857754991,0.1314313988620083,1.8138159214457412,4.021081681987232,1.2746337806377879,1.7409363972159995,661
2,1.3224425745080088,5.386249890853517,4.474396512757841,5.390527280739895,85,2.3433585716966068,0.8357264222339347,0.25876931048063845,2.7415069006745183,1.5108539345409393,1.1439042535411308,3.71876374156311,759
2,2.859395304685146,4.545750374908574,1.8943833540778106,5.093592453554049,85,2.544614653038738,1.3054616343401204,0.15308630161722414,2.564770968116547,4.304270521010114,1.0303021332491582,1.7486385995485183,1423
2,2.616240759128834,4.556022283123822,4.852890157762445,5.17910231914449,75,2.0367813530949332,1.3894099022625548,0.32701633930462326,2.1340325219733356,4.128112350681544,0.5419512234316363,1.815849178385893,601
2,2.266807513020847,5.733900840989487,1.0486178987592654,5.289171238607338,92,3.828597613120998,1.3701293117567168,0.37578598765490634,2.4768984185026532,3.8349787909719057,1.4684887775943838,3.278194787253891,1005
2,2.7429211803754354,5.0402859621168945,4.879515306830556,4.998442198929057,76,2.2355021657802823,0.6372302560966323,0.42023467964363315,2.7570311226026956,1.1446415220990485,1.2987141916545746,2.34921952735162,1234
2,2.6073441537982287,4.6905907689778275,1.1726396478023045,4.586920288087423,118,3.153032951028507,1.8161912939455704,0.18006009769792405,1.808280643302066,2.2125134237813144,0.7928220367009647,3.3301316708655437,1070
2,1.3731401177720717,5.283364890082207,4.564572454792284,5.037106541818548,69,2.548110441374412,0.8984000638830592,0.1669930329036279,1.6540663231264774,2.0524502796433715,1.4799703293588506,1.1960984726931558,746
2,2.7851179969799555,5.654990329647916,3.1108044363451994,5.086841118020879,60,3.108356005031587,0.6942723819242063,0.1418271361337601,2.3351867711271694,2.4405456298860764,1.101881589636322,2.462713581020153,1139
2,2.078684483831301,4.823731541245265,4.971859184477202,5.24543947418433,123,3.3028407767037287,1.8331221198034657,0.35457209981745474,2.6156918838825174,1.3505709870553542,1.0824226582072465,1.100840800549848,1294
2,2.6148803103281253,5.4343357137285,1.2951862589415954,4.931659546229679,87,3.659483607414403,1.93347724734463,0.38259029059476046,2.5245702695532315,4.747831292124252,1.248073179429532,1.1879596103660637,1336
2,2.7921825998469867,4.628021197490652,3.215417137605283,4.627580302795564,55,2.412842543521206,1.793191425898176,0.11263445793025682,2.595627297717269,3.215208962849505,1.3117697880901376,3.719312360033233,1036
2,1.6360069499437278,4.577522581752912,4.877210142476396,4.783775905798724,121,2.0219916573169607,1.714274112087317,0.474484898497476,1.871166629625866,2.222097242632094,1.1564786073315028,1.4177361133527855,630
2,1.2201038490553535,5.297031947352222,3.0923913766805953,4.863082296398635,72,2.2737712601376145,1.4828629709585326,0.12078851346058897,2.6356684323500432,2.5879260682971337,0.6280957463662,2.5972620468256515,852
2,1.4558703250838834,5.310952682415159,3.51759455254105,5.145917241331601,96,3.80003728369621,1.3262860559137089,0.3165185341204282,1.2404181107412169,2.7888101620193426,0.8382675059944984,2.2332868078021195,695
2,1.8542155772525126,5.45614485224731,3.7829947559384687,5.070778304668912,139,3.7477801551250307,0.6304801398671152,0.38362420778036654,2.0889781959216993,3.402377333442469,1.4280836403260497,2.042029978776528,1292
2,2.6360295318449865,5.589137000583992,2.818164259071093,4.856096725897846,95,3.1948262043406164,1.1126798196060481,0.44838764949843424,1.0115173209962431,3.062717710785991,0.7246156118438519,3.699500037061817,1415
2,2.721461166512687,5.963778119193802,3.5102323203362538,5.48651524879298,61,3.201033720867307,1.059032775518471,0.3856347728529711,1.6491716598005406,4.677567892857669,0.8721670238375133,1.0654701903264685,1429
2,1.0139042610623814,5.274450522451793,3.337257247692401,5.1057748193568875,139,3.330073349092511,0.8896306756404893,0.4206912332279168,1.7329230697427958,2.987853931623321,0.932076882944196,2.991369058526767,1165
2,2.0214946051551315,4.984434709411869,4.604632041963956,4.737226791735995,62,2.350742557246899,1.5851301705328775,0.23578007701712245,1.7923453832185108,4.968632059293251,0.9394049896944522,3.890183302640651,881
3,1.834822006297558,5.692779292153055,1.1817855213658315,4.601782472620403,111,3.8288238918499196,1.243813602618156,0.4259300454986049,2.3909344133797243,4.405699830980383,1.1129395824945254,2.6805045503855256,1144
3,1.4442156209414605,4.906248376893111,2.1238527583689213,4.652859139184332,131,2.8375410497841465,0.6215693238614719,0.13204593855387006,1.7771162025406915,1.8340420574293432,1.4430758377447077,3.8104673860992753,726
3,1.2397307346673656,5.158457131058454,4.801645936306235,4.745957728384508,138,2.766277056498995,0.830274802924717,0.4579266624242111,1.8973872452450613,4.722380858575665,0.740692711832505,1.1567736378580713,1200
3,1.675230342807256,4.617684572013399,4.561055135563665,4.660681373259556,146,3.037835410565675,1.5248881454893939,0.3190369504614945,1.475088261748655,1.4654655915419044,0.6215013763009181,2.2563799572224843,975
3,2.8858194078250383,4.538026115123186,2.8226270111428517,4.686567024051306,109,2.09393193355011,0.6141962892354502,0.42691910798499755,1.7465035832586802,4.269798833964766,0.6974704898599373,1.7804733728861535,976
3,1.6464058640415105,5.943972622016887,3.480530391206147,4.785095168693847,92,2.332566737512159,1.776810371073153,0.28092731380732006,1.454539254526303,2.5224931739063203,1.3869249002092694,3.1924628949421896,764
3,2.0375812434867324,5.753970180768309,2.1095247319245307,4.673373595294755,125,3.476067232852741,1.2427197905209615,0.35743107807860997,1.1463918475368873,4.5118972817802785,1.145810812655206,3.94389127149174,871
3,2.4060379177903557,5.543961309140547,1.7524846388950452,5.396765424626425,149,2.165597335850253,1.220879865989972,0.3105610643744453,2.206897186762756,4.472226760429802,0.7859067892391601,1.7695901873327435,985
3,1.727259204758588,5.113429416621405,2.8547936197599286,4.580233745661642,117,3.206304218932776,1.3886116769892765,0.39263580870213277,2.3364255971100327,4.223701600470484,1.3159469389686174,2.9625238044222235,933
3,2.9435641654419213,4.759941480106269,2.4134089121042113,5.024511389570255,54,2.490698219362642,1.7370214488877238,0.13265199281223583,2.2389806920192292,4.1601217452282455,1.361369996363436,1.5942928982792204,1145
3,2.9248945898842225,4.734655564006629,3.3346244474034883,4.910396826989661,86,2.778591228083953,1.0217138118532896,0.12414083359622552,1.9269880876011447,2.218716556392163,1.346514338690278,2.6959907637148297,710
3,1.5035645916507283,4.875364347246893,1.3109385478599394,5.482378616908607,121,2.5773874735413997,1.5170242288385953,0.19884129360405858,1.7595715603584596,1.3236771322050087,1.4189265336395545,2.3917974600650087,1071
3,1.994497011784771,5.3238399970591805,4.897579230664666,4.612038902168052,141,2.7113454329298983,1.3485979459936865,0.16381787204527534,2.7266672991436502,2.611920715060646,0.7522410201733616,3.9160159888946113,1439
3,1.6017566196335393,5.571893884050094,4.9448429779184115,4.897855599045742,80,3.438091810368491,0.900542405254132,0.44871342663688074,2.0381635702724363,1.6940980599460347,1.2550419287462784,2.8255818180893995,876
3,1.5696809887549352,5.490296065076597,3.7926468560789806,5.469470433275369,58,2.5942434312463503,1.817944979532737,0.18768559494321774,1.958363755259462,3.779804355609847,0.96053949727414,2.048519116260456,894
3,1.0737738947090656,4.919900845418915,3.1443854653764816,5.365507125893981,100,3.1328092805937944,1.6961390324103922,0.4903461023276525,1.0512841316128714,2.384398906151142,1.3419985528900615,1.3422873546638001,949
3,2.2191286679597937,5.932297920994792,2.238110465145311,5.31707207094928,78,2.9521008043981993,1.4876777519876383,0.23475831670844274,1.6824956552523127,4.90244080343966,1.2284906771616133,1.4537404862048038,1442
3,2.005358046457723,5.606845375043653,4.255180078827795,4.75790282704494,127,3.3273423307252963,1.7758725936413629,0.17284716627547972,1.7603912375717141,3.563888309381328,1.2764474464997246,1.6759507898537054,863
3,1.1029575024999787,5.331531078767101,3.738924690215517,4.670887587390066,89,3.873659478649516,1.8009413014397035,0.41587940285699165,1.797645561793801,4.289922254537444,1.1561618376810716,1.7528999840208939,1375
3,1.5572929284732229,5.417581119351528,1.6504677573795652,5.168643219924431,90,3.4651441944205006,1.5625444650725522,0.3634831102003505,2.160344738454665,1.5300986909673937,0.6774287694697069,3.5518481735234135,956
3,2.8165317719333074,5.129400093641685,4.64370873797537,5.4293759891275855,135,2.4298807571815138,1.755519992545508,0.2992782865812556,2.067205093453757,4.44805792909049,1.0450269188969383,2.6836683648475748,1224
3,1.4791237813339448,4.871596484251736,4.290148971692676,5.0567628930139294,60,2.0623662701225696,1.5462071925039256,0.3221454203750525,2.2158101855868892,4.691028762053577,1.484669739524508,2.5701727341230995,1227
3,1.2897897441824462,5.033959017976892,4.799199653167696,5.0716126894699,72,2.5245280885996504,1.5202111576404507,0.3876807113089056,2.5297665230842563,2.9482476752757436,1.4373880664971188,1.3443066156076524,725
3,1.978905520555126,5.6367691656965535,3.90287803355344,4.779979093660284,50,3.19015586140051,1.4279170673227766,0.1913818965325195,2.625971477432187,3.4250117510039098,0.5431737357970117,3.580419080048305,1481
3,2.9713009082212016,4.521590232944634,3.4536607837431594,5.269492933191937,95,2.1028516269685005,1.629074959336462,0.49853356642269675,2.4362461524529886,4.059239203611982,0.6648148157294371,3.168442909625451,630
3,1.4841105430230008,4.674108960760375,2.6729721451624755,4.687043748557524,70,2.992732494402473,0.7379076579396106,0.48991726485871323,2.9110473919098694,1.6993545090416502,0.6317287734545619,1.2030050857000048,1087
3,2.344271094811757,4.569003963032629,4.730913933416053,4.823679236404244,139,3.1936856978337786,1.8213061387983926,0.3601302745387748,1.0364651653527233,3.0102643058537697,1.2259799099852955,3.1235052916893062,975
3,2.523239230657435,4.561093203478455,4.464255558001634,4.9254364386164164,85,2.668487781633922,1.807765291617848,0.17981698037165805,1.3915559713670922,2.5946521110892524,1.317785329856945,2.6306146520279383,1297
3,1.4752750879847993,5.78319087601651,1.1808746804247576,5.007610378684455,103,3.541824407491644,0.5438709245518387,0.3720912969725165,1.0151257499562842,1.5854959686489964,0.7135113663106719,1.2451760372403347,1485
3,2.456432697223719,5.555486789070035,1.105467897989008,4.74240973241508,136,2.2131965062675434,1.738725125847144,0.12887936359167035,2.294949428309206,2.4701376891661257,1.005852692951829,2.3749019245859695,776
3,1.7355662654385065,5.211260743630988,2.5058534675121984,4.6148368247392035,106,2.1502755634716175,0.6933048012101678,0.11226100088232244,2.796061097899974,1.2726892375419743,1.3407030280112,2.454088861390141,655
3,2.2646116611871587,4.646751240976502,4.242213323127332,5.110620042441632,50,3.4563775124072067,1.0026782813887127,0.20307315540448548,1.4869645931525985,1.103247627797948,1.2328015447662506,1.4973236204898273,1259
3,2.2670594215217896,5.237423812675249,4.949104517259778,4.788630553240256,112,2.990982632412397,1.6152623844374117,0.28504918269572654,2.8540690895926133,1.540665156619291,1.0422372054918483,3.837094441000847,717
3,2.071549368149517,5.210207656170849,1.6016675644141127,5.081238221422613,103,3.376804792855472,0.7411398440724624,0.44730900216335223,1.1205347805791217,4.852460446356695,1.0903476904587728,3.549926114441986,689
3,1.1805795401088166,4.759802804865023,3.3765228614085405,4.654362715274202,104,2.8696546772074925,1.7269505361785933,0.3908676279065232,2.8688720536110286,3.198118143580068,1.00836054691628,3.007067011987325,916
3,2.670604991178476,5.15077747385696,2.523563426524086,4.981140101854818,89,2.4928040664782136,1.748201266936613,0.39708260847999244,1.7032453744792688,4.863288644612879,0.7975484513188206,2.386886683001822,1480
3,1.6415601299434717,5.09775710159606,4.879657591258413,5.032589432551585,64,3.6382046353483997,1.2612016006412543,0.27019733377923016,1.202841656898433,2.729991513320528,1.065021992859016,2.2352966247535253,1174
3,1.3730370207997085,5.423775147078325,4.368475692542835,4.551823536822427,70,3.5988317579379583,0.5095788075752503,0.23837399701878517,1.9717435183726513,2.2472645323410383,1.1888853020500907,2.9529204014528627,1191
3,1.0815502831095278,5.4526404763014655,4.353314818844551,4.836604278193921,96,3.3893929417088535,0.9305571997623692,0.2484155051938411,1.5135531354410159,3.0245674513609764,1.3733229158608076,2.6362956082207165,1045
3,2.181785886376484,4.567956014658066,2.874772639179881,4.634414676938974,122,2.544290274459925,1.4253903775636134,0.4950598254944232,1.5697458039238457,2.7580467545316405,1.136291353979248,1.1868193176456567,540
3,2.355128723684565,5.061918921939707,2.6592780093506607,4.5633749704727675,102,3.180461333738174,1.9717792670411352,0.116043676564993,1.6145799298525731,1.4226587370469757,1.261121537043158,2.537507946310995,806
3,1.0331756578557123,5.438789873571355,2.093628287722825,5.4899602323899455,58,2.7219477938800534,1.4477202905250026,0.44681259844897947,2.606051795665327,3.563305258760825,0.660071634954573,3.4192108516985185,1442
3,2.024186116598562,5.254704387870132,1.2255019866037085,4.822353844974723,123,2.1831641466532683,0.8897053715962397,0.3314701634289574,2.078322553350509,1.8641527300383984,0.9615574744197899,2.3777196327908743,837
3,1.452991550395876,5.784734761782484,4.458889505020213,5.309874445854635,101,3.8346271509244856,1.451008554649417,0.2754461676758362,1.6226153983120073,3.4783518195913183,0.5093316198270933,1.1558697326628051,813
3,2.2903455808189,5.488040447428418,4.251604036520311,4.754640654763763,106,2.273637261837923,1.3099780695737833,0.39010306416605467,2.2206675666218367,3.6008043695926135,0.746678864521623,3.3588345981520993,574
3,1.3487328580099829,4.7444016406221445,4.998870693144522,5.18150272222393,75,3.900474707641605,1.6697680927267153,0.2946675765698812,2.432301348446387,1.6080994125145924,1.2264617151130048,1.6040913464079232,1452
3,2.381875476204932,4.605853121100645,4.9865473482956215,5.260227859889687,90,2.8920115459159117,0.6604709582404376,0.4493692952326642,1.5452480014670675,1.2453985084426726,1.4918099513493635,1.7758625046641163,778
3,1.7734706926010748,5.463628917309474,3.22172682241051,5.0956387406078445,84,2.3702658576772393,1.641541853753042,0.4602807456045034,1.827098203050703,4.123046344273759,0.5991780995872159,1.4941190602968877,675
